<?xml version="1.0" encoding="UTF-8"?>
<project-private xmlns="http://www.netbeans.org/ns/project-private/1">
    <editor-bookmarks xmlns="http://www.netbeans.org/ns/editor-bookmarks/1">
        <file>
            <url>src/pt/jkaiui/manager/ActionExecuter.java</url>
            <line>0</line>
        </file>
    </editor-bookmarks>
    <open-files xmlns="http://www.netbeans.org/ns/projectui-open-files/1">
        <file>file:/Users/yuuakron/Dropbox/jKaiUI/jkaiui_source_ver.0.4.0/src/pt/jkaiui/manager/ChatManager.java</file>
    </open-files>
</project-private>
